Station,Text Identifier,Range,Status
I,Station I.,"[[""sec.6 v.1"",""196-197""]]",exists
Ia,Stations IA. to IC.,"[[""sec.6 v.1"",""197-200""]]",exists
Ib,Stations IA. to IC.,"[[""sec.6 v.1"",""197-200""]]",exists
Ic,Stations IA. to IC.,"[[""sec.6 v.1"",""197-200""]]",exists
Id,Station ID.,"[[""sec.6 v.1"",""200""]]",exists
II,Stations II. and IIA.,"[[""sec.6 v.1"",""200-206""]]",exists
II a,Stations II. and IIA.,"[[""sec.6 v.1"",""200-206""]]",exists
II b,Stations IIB. to IIH.,"[[""sec.6 v.1"",""206-207""]]",exists
II c,Stations IIB. to IIH.,"[[""sec.6 v.1"",""206-207""]]",exists
II d,Stations IIB. to IIH.,"[[""sec.6 v.1"",""206-207""]]",exists
II e,Stations IIB. to IIH.,"[[""sec.6 v.1"",""206-207""]]",exists
II f,Stations IIB. to IIH.,"[[""sec.6 v.1"",""206-207""]]",exists
II g,Stations IIB. to IIH.,"[[""sec.6 v.1"",""206-207""]]",exists
II h,Stations IIB. to IIH.,"[[""sec.6 v.1"",""206-207""]]",exists
II j,Stations IIJ. and IIK.,"[[""sec.6 v.1"",""207""]]",exists
II k,Stations IIJ. and IIK.,"[[""sec.6 v.1"",""207""]]",exists
III,Station III.,"[[""sec.6 v.1"",""207-208""]]",exists
IV,Station IV.,"[[""sec.6 v.1"",""208-210""]]",exists
V,Station V.,"[[""sec.6 v.1"",""210-212""]]",exists
V a,Station VA.,"[[""sec.6 v.1"",""212""]]",exists
VI,Station VI.,"[[""sec.6 v.1"",""212-213""]]",exists
VII,Station VII.,"[[""sec.6 v.1"",""213-214""]]",exists
VII a,Station VIIA.,"[[""sec.6 v.1"",""214""]]",exists
VII b,Stations VIIB. to VIIF.,"[[""sec.6 v.1"",""214-215""]]",exists
VII c,Stations VIIB. to VIIF.,"[[""sec.6 v.1"",""214-215""]]",exists
VII d,Stations VIIB. to VIIF.,"[[""sec.6 v.1"",""214-215""]]",exists
VII e,Stations VIIB. to VIIF.,"[[""sec.6 v.1"",""214-215""]]",exists
VII f,Stations VIIB. to VIIF.,"[[""sec.6 v.1"",""214-215""]]",exists
VII g,Stations VIIG. to VIIJ,"[[""sec.6 v.1"",""216""]]",exists
VII h,Stations VIIG. to VIIJ,"[[""sec.6 v.1"",""216""]]",exists
VII j,Stations VIIG. to VIIJ,"[[""sec.6 v.1"",""216""]]",exists
VII k,Station VIIK.,"[[""sec.6 v.1"",""216""]]",exists
VII l,Stations VIII. to VIIS.,"[[""sec.6 v.1"",""216-223""]]",exists
VII m,Stations VIII. to VIIS.,"[[""sec.6 v.1"",""216-223""]]",exists
VII n,Stations VIII. to VIIS.,"[[""sec.6 v.1"",""216-223""]]",exists
VII o,Stations VIII. to VIIS.,"[[""sec.6 v.1"",""216-223""]]",exists
VII p,Stations VIII. to VIIS.,"[[""sec.6 v.1"",""216-223""]]",exists
VII q,Stations VIII. to VIIS.,"[[""sec.6 v.1"",""216-223""]]",exists
VII r,Stations VIII. to VIIS.,"[[""sec.6 v.1"",""216-223""]]",exists
VII s,Stations VIII. to VIIS.,"[[""sec.6 v.1"",""216-223""]]",exists
VII t,Stations VIIT. to VIIV.,"[[""sec.6 v.1"",""224""]]",exists
VII u,Stations VIIT. to VIIV.,"[[""sec.6 v.1"",""224""]]",exists
VII v,Stations VIIT. to VIIV.,"[[""sec.6 v.1"",""224""]]",exists
VIII,Stations VIII.,"[[""sec.6 v.1"",""224-229""]]",exists
1,Station 1,"[[""sec.6 v.1"",""229-232""]]",exists
2,Station 2,"[[""sec.6 v.1"",""232-238""]]",exists
3,Station 3,"[[""sec.6 v.1"",""239-241""]]",exists
4,Station 4,"[[""sec.6 v.1"",""242""]]",exists
5,Station 5,"[[""sec.6 v.1"",""243-244""]]",exists
6,Station 6,"[[""sec.6 v.1"",""244-245""]]",exists
7,Station 7,"[[""sec.6 v.1"",""245""]]",exists
8,Station 8,"[[""sec.6 v.1"",""245""]]",exists
9,Station 9,"[[""sec.6 v.1"",""246""]]",exists
10,Station 10,"[[""sec.6 v.1"",""247-248""]]",exists
11,Station 11,"[[""sec.6 v.1"",""248-249""]]",exists
12,Station 12,"[[""sec.6 v.1"",""249-250""]]",exists
13,Station 13,"[[""sec.6 v.1"",""250-252""]]",exists
14,Station 14,"[[""sec.6 v.1"",""252-253""]]",exists
15,Station 15,"[[""sec.6 v.1"",""253-254""]]",exists
16,Station 16,"[[""sec.6 v.1"",""254-255""]]",exists
17,Station 17,"[[""sec.6 v.1"",""255-256""]]",exists
18,Station 18,"[[""sec.6 v.1"",""256-257""]]",exists
19,Station 19,"[[""sec.6 v.1"",""257""]]",exists
20,Station 20,"[[""sec.6 v.1"",""257-258""]]",exists
21,Station 21,"[[""sec.6 v.1"",""258""]]",exists
22,Station 22,"[[""sec.6 v.1"",""258-259""]]",exists
23,Stations 23 to 23B,"[[""sec.6 v.1"",""260-271""]]",exists
23A,Stations 23 to 23B,"[[""sec.6 v.1"",""260-271""]]",exists
23B,Stations 23 to 23B,"[[""sec.6 v.1"",""260-271""]]",exists
24,Station 24,"[[""sec.6 v.1"",""271-286""]]",exists
24A,Station 24A,"[[""sec.6 v.1"",""286""]]",missing
25,Station 25,"[[""sec.6 v.1"",""286-287""]]",exists
26,Station 26,"[[""sec.6 v.1"",""287""]]",exists
27,Station 27,"[[""sec.6 v.1"",""288""]]",exists
28,Station 28,"[[""sec.6 v.1"",""288-289""]]",exists
29,Station 29,"[[""sec.6 v.1"",""289-290""]]",exists
30,Station 30,"[[""sec.6 v.1"",""290-293""]]",exists
31,Stations 31 to 32A,"[[""sec.6 v.1"",""293""]]",exists
32,Stations 31 to 32A,"[[""sec.6 v.1"",""293""]]",exists
32A,Stations 31 to 32A,"[[""sec.6 v.1"",""293""]]",exists
32B,Station 32B,"[[""sec.6 v.1"",""293-294""]]",exists
32C,Stations 32C to 32G,"[[""sec.6 v.1"",""295""]]",exists
32D,Stations 32C to 32G,"[[""sec.6 v.1"",""295""]]",exists
32E,Stations 32C to 32G,"[[""sec.6 v.1"",""295""]]",exists
32F,Stations 32C to 32G,"[[""sec.6 v.1"",""295""]]",exists
32G,Stations 32C to 32G,"[[""sec.6 v.1"",""295""]]",exists
33,Station 33,"[[""sec.6 v.1"",""295-304""]]",exists
33A,Stations 33A to 34,"[[""sec.6 v.1"",""304""]]",exists
33B,Stations 33A to 34,"[[""sec.6 v.1"",""304""]]",exists
34,Stations 33A to 34,"[[""sec.6 v.1"",""304""]]",exists
35A,Stations 35A to 35C,"[[""sec.6 v.1"",""304-305""]]",exists
35B,Stations 35A to 35C,"[[""sec.6 v.1"",""304-305""]]",exists
35C,Stations 35A to 35C,"[[""sec.6 v.1"",""304-305""]]",exists
36,Station 36,"[[""sec.6 v.1"",""306-308""]]",exists
37,Station 37,"[[""sec.6 v.1"",""308-309""]]",exists
38,Station 38,"[[""sec.6 v.1"",""309-310""]]",exists
39,Station 39,"[[""sec.6 v.1"",""310""]]",exists
40,Station 40,"[[""sec.6 v.1"",""310-311""]]",exists
41,Station 41,"[[""sec.6 v.1"",""311-312""]]",exists
42,Station 42,"[[""sec.6 v.1"",""312-313""]]",exists
43,Station 43,"[[""sec.6 v.1"",""313-314""]]",exists
44,Station 44,"[[""sec.6 v.1"",""314-317""]]",exists
45,Station 45,"[[""sec.6 v.1"",""317-321""]]",exists
46,Station 46,"[[""sec.6 v.1"",""321-323""]]",exists
47,Station 47,"[[""sec.6 v.1"",""323-325""]]",exists
48,Station 48,"[[""sec.6 v.1"",""325-330""]]",exists
49,Station 49,"[[""sec.6 v.1"",""330-335""]]",exists
50,Station 50,"[[""sec.6 v.1"",""335-337""]]",exists
51,Station 51,"[[""sec.6 v.1"",""337-338""]]",exists
52,Station 52,"[[""sec.6 v.1"",""338-339""]]",exists
52A,Station 52A,"[[""sec.6 v.1"",""339""]]",exists
53,Station 53,"[[""sec.6 v.1"",""339-340""]]",exists
54,Station 54,"[[""sec.6 v.1"",""340-341""]]",exists
55,Stations 55 and 55A,"[[""sec.6 v.1"",""342""]]",exists
55A,Stations 55 and 55A,"[[""sec.6 v.1"",""342""]]",exists
55B,Stations 55B and 56,"[[""sec.6 v.1"",""343-345""]]",exists
56,Stations 55B and 56,"[[""sec.6 v.1"",""343-345""]]",exists
56A,Station 56A,"[[""sec.6 v.1"",""345""]]",missing
57,Stations 57 to 57B,"[[""sec.6 v.1"",""345-355""]]",exists
57A,Stations 57 to 57B,"[[""sec.6 v.1"",""345-355""]]",exists
57B,Stations 57 to 57B,"[[""sec.6 v.1"",""345-355""]]",exists
58,Station 58,"[[""sec.6 v.1"",""355""]]",exists
59,Station 59,"[[""sec.6 v.1"",""355-358""]]",exists
60,Station 60,"[[""sec.6 v.1"",""358-359""]]",exists
61,Station 61,"[[""sec.6 v.1"",""359-360""]]",exists
62,Station 62,"[[""sec.6 v.1"",""360-361""]]",exists
63,Station 63,"[[""sec.6 v.1"",""361-363""]]",exists
64,Station 64,"[[""sec.6 v.1"",""363-365""]]",exists
65,Station 65,"[[""sec.6 v.1"",""365-366""]]",exists
66,Station 66,"[[""sec.6 v.1"",""366""]]",exists
67,Station 67,"[[""sec.6 v.1"",""366-367""]]",exists
68,Station 68,"[[""sec.6 v.1"",""367-368""]]",exists
69,Station 69,"[[""sec.6 v.1"",""368-369""]]",exists
70,Station 70,"[[""sec.6 v.1"",""369-373""]]",exists
71,Station 71,"[[""sec.6 v.1"",""373-374""]]",exists
72,Station 72,"[[""sec.6 v.1"",""374-375""]]",exists
73,Station 73,"[[""sec.6 v.1"",""375-379""]]",exists
74,Station 74,"[[""sec.6 v.1"",""379""]]",exists
75,Station 75,"[[""sec.6 v.1"",""380-389""]]",exists
76,Station 76,"[[""sec.6 v.1"",""389-391""]]",exists
77,Station 77,"[[""sec.6 v.1"",""391""]]",exists
78,Station 78,"[[""sec.6 v.1"",""394-400""]]",exists
79,Station 79,"[[""sec.6 v.1"",""401""]]",exists
80,Station 80,"[[""sec.6 v.1"",""402""]]",exists
81,Station 81,"[[""sec.6 v.1"",""402-403""]]",exists
82,Station 82,"[[""sec.6 v.1"",""403""]]",exists
83,Station 83,"[[""sec.6 v.1"",""404""]]",exists
84,Station 84,"[[""sec.6 v.1"",""404-405""]]",exists
85,Station 85,"[[""sec.6 v.1"",""405-408""]]",exists
86,Station 86,"[[""sec.6 v.1"",""408-409""]]",exists
87,Station 87,"[[""sec.6 v.1"",""409-410""]]",exists
88,Station 88,"[[""sec.6 v.1"",""410-411""]]",exists
89,Station 89,"[[""sec.6 v.1"",""411-412""]]",exists
90,Station 90,"[[""sec.6 v.1"",""412-413""]]",exists
91,Station 91,"[[""sec.6 v.1"",""413-414""]]",exists
92,Station 92,"[[""sec.6 v.1"",""414-415""]]",exists
93,Station 93 to 93C,"[[""sec.6 v.1"",""415-416""]]",exists
93A,Station 93 to 93C,"[[""sec.6 v.1"",""415-416""]]",exists
93B,Station 93 to 93C,"[[""sec.6 v.1"",""415-416""]]",exists
93C,Station 93 to 93C,"[[""sec.6 v.1"",""415-416""]]",exists
93D,Stations 93D to 94,"[[""sec.6 v.1"",""416-430""]]",exists
93E,Stations 93D to 94,"[[""sec.6 v.1"",""416-430""]]",exists
93F,Stations 93D to 94,"[[""sec.6 v.1"",""416-430""]]",exists
93G,Stations 93D to 94,"[[""sec.6 v.1"",""416-430""]]",exists
94,Stations 93D to 94,"[[""sec.6 v.1"",""416-430""]]",exists
95,Station 95,"[[""sec.6 v.1"",""430-431""]]",exists
96,Station 96,"[[""sec.6 v.1"",""431-434""]]",exists
97,Station 97,"[[""sec.6 v.1"",""434-435""]]",exists
98,Station 98,"[[""sec.6 v.1"",""435-437""]]",exists
99,Station 99,"[[""sec.6 v.1"",""437-438""]]",exists
100,Station 100,"[[""sec.6 v.1"",""438-439""]]",exists
101,Station 101,"[[""sec.6 v.1"",""439-442""]]",exists
102,Station 102,"[[""sec.6 v.1"",""442-443""]]",exists
103,Station 103,"[[""sec.6 v.1"",""443-445""]]",exists
104,Station 104,"[[""sec.6 v.1"",""445-447""]]",exists
105,Station 105,"[[""sec.6 v.1"",""447-448""]]",exists
106,Station 106,"[[""sec.6 v.1"",""448-451""]]",exists
107,Station 107,"[[""sec.6 v.1"",""452-453""]]",exists
108,Station 108,"[[""sec.6 v.1"",""454""]]",exists
109,Station 109,"[[""sec.6 v.1"",""455-457""]]",exists
109A,Stations 109A to 109D,"[[""sec.6 v.1"",""457""]]",exists
109B,Stations 109A to 109D,"[[""sec.6 v.1"",""457""]]",exists
109C,Stations 109A to 109D,"[[""sec.6 v.1"",""457""]]",exists
109D,Stations 109A to 109D,"[[""sec.6 v.1"",""457""]]",exists
110,Station 110,"[[""sec.6 v.1"",""457-460""]]",exists
111,Station 111,"[[""sec.6 v.1"",""460-461""]]",exists
112,Stations 112 to 113A,"[[""sec.6 v.1"",""461-467""]]",exists
113,Stations 112 to 113A,"[[""sec.6 v.1"",""461-467""]]",exists
113A,Stations 112 to 113A,"[[""sec.6 v.1"",""461-467""]]",exists
113B,Stations 113B to 115,"[[""sec.6 v.1"",""467""]]",exists
113C,Stations 113B to 115,"[[""sec.6 v.1"",""467""]]",exists
114,Stations 113B to 115,"[[""sec.6 v.1"",""467""]]",exists
115,Stations 113B to 115,"[[""sec.6 v.1"",""467""]]",exists
116,Station 116,"[[""sec.6 v.1"",""467-468""]]",exists
117,Stations 117 and 117A,"[[""sec.6 v.1"",""468-469""]]",exists
117A,Stations 117 and 117A,"[[""sec.6 v.1"",""468-469""]]",exists
118,Station 118,"[[""sec.6 v.1"",""469""]]",exists
119,Station 119,"[[""sec.6 v.1"",""472""]]",exists
120,Stations 120 and 121,"[[""sec.6 v.1"",""472-480""]]",exists
121,Stations 120 and 121,"[[""sec.6 v.1"",""472-480""]]",exists
122,Stations 122 to 122C,"[[""sec.6 v.1"",""480-491""]]",exists
122A,Stations 122 to 122C,"[[""sec.6 v.1"",""480-491""]]",exists
122B,Stations 122 to 122C,"[[""sec.6 v.1"",""480-491""]]",exists
122C,Stations 122 to 122C,"[[""sec.6 v.1"",""480-491""]]",exists
123,Station 123,"[[""sec.6 v.1"",""491""]]",exists
124,Station 124,"[[""sec.6 v.1"",""491-493""]]",exists
125,Stations 125 to 126A,"[[""sec.6 v.1"",""493-495""]]",exists
126,Stations 125 to 126A,"[[""sec.6 v.1"",""493-495""]]",exists
126A,Stations 125 to 126A,"[[""sec.6 v.1"",""493-495""]]",exists
127,Station 127,"[[""sec.6 v.1"",""495""]]",exists
128,Station 128,"[[""sec.6 v.1"",""495-504""]]",exists
129,Station 129,"[[""sec.6 v.1"",""504-510""]]",exists
130,Station 130,"[[""sec.6 v.1"",""510-511""]]",exists
131,Station 131,"[[""sec.6 v.1"",""511-514""]]",exists
132,Station 132,"[[""sec.6 v.1"",""515-516""]]",exists
133,Station 133,"[[""sec.6 v.1"",""516-519""]]",exists
134,Station 134,"[[""sec.6 v.1"",""519-520""]]",exists
135,Stations 135 to 135G,"[[""sec.6 v.1"",""520-537""]]",exists
135A,Stations 135 to 135G,"[[""sec.6 v.1"",""520-537""]]",exists
135B,Stations 135 to 135G,"[[""sec.6 v.1"",""520-537""]]",exists
135C,Stations 135 to 135G,"[[""sec.6 v.1"",""520-537""]]",exists
135D,Stations 135 to 135G,"[[""sec.6 v.1"",""520-537""]]",exists
135E,Stations 135 to 135G,"[[""sec.6 v.1"",""520-537""]]",exists
135F,Stations 135 to 135G,"[[""sec.6 v.1"",""520-537""]]",exists
135G,Stations 135 to 135G,"[[""sec.6 v.1"",""520-537""]]",exists
136,Station 136,"[[""sec.6 v.1"",""537-540""]]",exists
137,Station 137,"[[""sec.6 v.1"",""540-541""]]",exists
138,Station 138,"[[""sec.6 v.1"",""541-542""]]",exists
139,Station 139,"[[""sec.6 v.1"",""542-543""]]",exists
140,Station 140,"[[""sec.6 v.1"",""543-555""]]",exists
141,Station 141,"[[""sec.6 v.1"",""555-561""]]",exists
142,Station 142,"[[""sec.6 v.1"",""561-570""]]",exists
143,Station 143,"[[""sec.6 v.1"",""570-573""]]",exists
144,Station 144,"[[""sec.6 v.1"",""573-575""]]",exists
144A,Stations 144A to 145A,"[[""sec.6 v.1"",""575-590""]]",exists
145,Stations 144A to 145A,"[[""sec.6 v.1"",""575-590""]]",exists
145A,Stations 144A to 145A,"[[""sec.6 v.1"",""575-590""]]",exists
146,Station 146,"[[""sec.6 v.1"",""590-597""]]",exists
147,Station 147,"[[""sec.6 v.1"",""597-603""]]",exists
147A,Station 147A,"[[""sec.6 v.1"",""603""]]",exists
148,Stations 148 and 148A,"[[""sec.6 v.1"",""606-608""]]",exists
148A,Stations 148 and 148A,"[[""sec.6 v.1"",""606-608""]]",exists
149,Stations 149 to 149K,"[[""sec.6 v.1"",""609-633""]]",exists
149A,Stations 149 to 149K,"[[""sec.6 v.1"",""609-633""]]",exists
149B,Stations 149 to 149K,"[[""sec.6 v.1"",""609-633""]]",exists
149C,Stations 149 to 149K,"[[""sec.6 v.1"",""609-633""]]",exists
149D,Stations 149 to 149K,"[[""sec.6 v.1"",""609-633""]]",exists
149E,Stations 149 to 149K,"[[""sec.6 v.1"",""609-633""]]",exists
149F,Stations 149 to 149K,"[[""sec.6 v.1"",""609-633""]]",exists
149G,Stations 149 to 149K,"[[""sec.6 v.1"",""609-633""]]",exists
149H,Stations 149 to 149K,"[[""sec.6 v.1"",""609-633""]]",exists
149J,Stations 149 to 149K,"[[""sec.6 v.1"",""609-633""]]",exists
149K,Stations 149 to 149K,"[[""sec.6 v.1"",""609-633""]]",exists
150,Station 150,"[[""sec.6 v.1"",""633-638""]]",exists
151,Station 151,"[[""sec.6 v.1"",""638-646""]]",exists
152,Station 152,"[[""sec.6 v.1"",""646-648""]]",exists
153,Station 153,"[[""sec.6 v.1"",""648-652""]]",exists
154,Station 154,"[[""sec.6 v.1"",""652-653""]]",exists
155,Station 155,"[[""sec.6 v.1"",""654""]]",exists
156,Station 156,"[[""sec.6 v.1"",""654-660""]]",exists
157,Station 157,"[[""sec.6 v.1"",""660-672""]]",exists
158,Station 158,"[[""sec.6 v.1"",""672-677""]]",exists
159,Station 159,"[[""sec.6 v.1"",""678-682""]]",exists
160,Station 160,"[[""sec.6 v.1"",""682-693""]]",exists
161,Station 161,"[[""sec.6 v.1"",""693-698""]]",exists
162,Station 162,"[[""sec.6 v.1"",""698-709""]]",exists
163,Station 163,"[[""sec.6 v.1"",""709""]]",exists
163A,Station 163A,"[[""sec.6 v.1"",""709-717""]]",exists
163B,PORT JACKSON,"[[""sec.6 v.1"",""717-743""]]",exists
163C,Stations 163C to 164C,"[[""sec.6 v.1"",""743-753""]]",exists
163D,Stations 163C to 164C,"[[""sec.6 v.1"",""743-753""]]",exists
163E,Stations 163C to 164C,"[[""sec.6 v.1"",""743-753""]]",exists
163F,Stations 163C to 164C,"[[""sec.6 v.1"",""743-753""]]",exists
164,Stations 163C to 164C,"[[""sec.6 v.1"",""743-753""]]",exists
164A,Stations 163C to 164C,"[[""sec.6 v.1"",""743-753""]]",exists
164B,Stations 163C to 164C,"[[""sec.6 v.1"",""743-753""]]",exists
164C,Stations 163C to 164C,"[[""sec.6 v.1"",""743-753""]]",exists
164D,Station 164D,"[[""sec.6 v.1"",""754""]]",exists
164E,Station 164E,"[[""sec.6 v.1"",""754-755""]]",exists
165,Station 165,"[[""sec.6 v.1"",""755-757""]]",exists
165A,Station 165A,"[[""sec.6 v.1"",""757-758""]]",exists
165B,Station 165B,"[[""sec.6 v.1"",""759-760""]]",exists
165C,Station 165C,"[[""sec.6 v.1"",""760-761""]]",exists
166,Station 166,"[[""sec.6 v.1"",""761-763""]]",exists
166A,Station 166,"[[""sec.6 v.1"",""761-763""]]",review
166B,Station 166,"[[""sec.6 v.1"",""761-763""]]",review
166C,Station 166C,"[[""sec.6 v.1"",""764""]]",exists
167,Station 167,"[[""sec.6 v.1"",""764-766""]]",exists
167A,Queen Charlotte Sound,"[[""sec.6 v.1"",""766-771""]]",review
168,Station 168,"[[""sec.6 v.1"",""771-776""]]",exists
169,Station 169,"[[""sec.6 v.1"",""776-782""]]",exists
170,Stations 170 and 170A,"[[""sec.6 v.1"",""782-789""]]",exists
170A,Stations 170 and 170A,"[[""sec.6 v.1"",""782-789""]]",exists
171,Station 171,"[[""sec.6 v.1"",""789-792""]]",exists
171A,Station 171A,"[[""sec.6 v.1"",""793""]]",exists
172,Stations 172 and 172A,"[[""sec.6 v.1"",""793-805""]]",exists
172A,Stations 172 and 172A,"[[""sec.6 v.1"",""793-805""]]",exists
173,Stations 173 and 173A,"[[""sec.6 v.1"",""805-810""]]",exists
173A,Stations 173 and 173A,"[[""sec.6 v.1"",""805-810""]]",exists
174,Stations 174 to 174D,"[[""sec.6 v.1"",""810-838""]]",exists
174A,Stations 174 to 174D,"[[""sec.6 v.1"",""810-838""]]",exists
174B,Stations 174 to 174D,"[[""sec.6 v.1"",""810-838""]]",exists
174C,Stations 174 to 174D,"[[""sec.6 v.1"",""810-838""]]",exists
174D,Stations 174 to 174D,"[[""sec.6 v.1"",""810-838""]]",exists
175,Station 175,"[[""sec.6 v.1"",""839-841""]]",exists
176,Station 176,"[[""sec.6 v.1"",""841-842""]]",exists
177,Station 177,"[[""sec.6 v.1"",""842-846""]]",exists
178,Station 178,"[[""sec.6 v.1"",""846-847""]]",exists
179,Station 179,"[[""sec.6 v.1"",""847-849""]]",exists
180,Station 180,"[[""sec.6 v.1"",""849-850""]]",exists
181,Station 181,"[[""sec.6 v.1"",""850-854""]]",exists
182,Station 182,"[[""sec.6 v.1"",""854""]]",exists
183,Station 183,"[[""sec.6 v.1"",""854-855""]]",exists
184,Station 184,"[[""sec.6 v.1"",""855-859""]]",exists
185,Stations 185 to 185B,"[[""sec.6 v.1"",""859-867""]]",exists
185A,Stations 185 to 185B,"[[""sec.6 v.1"",""859-867""]]",exists
185B,Stations 185 to 185B,"[[""sec.6 v.1"",""859-867""]]",exists
186,Stations 186 and 187,"[[""sec.6 v.1"",""867-896""]]",exists
187,Stations 186 and 187,"[[""sec.6 v.1"",""867-896""]]",exists
188,"Stations 188, 189, and 190","[[""sec.6 v.1"",""896-920""]]",exists
189,"Stations 188, 189, and 190","[[""sec.6 v.1"",""896-920""]]",exists
190,"Stations 188, 189, and 190","[[""sec.6 v.1"",""896-920""]]",exists
191,Station 191,"[[""sec.6 v.1"",""920-924""]]",exists
191A,Station 191A,"[[""sec.6 v.1"",""924-925""]]",exists
192,Station 192,"[[""sec.6 v.1"",""925-935""]]",exists
193,Station 193,"[[""sec.6 v.1"",""935-936""]]",exists
194,Stations 194 and 194A,"[[""sec.6 v.1"",""936-944""]]",exists
194A,Stations 194 and 194A,"[[""sec.6 v.1"",""936-944""]]",exists
195,Station 195,"[[""sec.6 v.1"",""944-953""]]",exists
196,Station 196,"[[""sec.6 v.1"",""953-955""]]",exists
197,Station 197,"[[""sec.6 v.1"",""955-957""]]",exists
198,Station 198,"[[""sec.6 v.1"",""957-960""]]",exists
199,Station 199,"[[""sec.6 v.1"",""960-962""]]",exists
200,Station 200,"[[""sec.6 v.1"",""962-965""]]",exists
201,Station 201,"[[""sec.6 v.1"",""966-969""]]",exists
202,Station 202,"[[""sec.6 v.1"",""969-970""]]",exists
203,Station 203,"[[""sec.6 v.1"",""970-974""]]",exists
204,Stations 204 to 204B,"[[""sec.6 v.1"",""974-978""]]",exists
204A,Stations 204 to 204B,"[[""sec.6 v.1"",""974-978""]]",exists
204B,Stations 204 to 204B,"[[""sec.6 v.1"",""974-978""]]",exists
205,Station 205,"[[""sec.6 v.1"",""978-985""],[""sec.6 v.2"",""28""]]",exists
206,Station 206,"[[""sec.6 v.2"",""28-31""]]",exists
207,Station 207,"[[""sec.6 v.2"",""31-33""]]",exists
208,Station 208,"[[""sec.6 v.2"",""33-39""]]",exists
209,Station 209,"[[""sec.6 v.2"",""39-44""]]",exists
210,Station 210,"[[""sec.6 v.2"",""44-47""]]",exists
210A,Station 210A,"[[""sec.6 v.2"",""47""]]",exists
211,Station 211,"[[""sec.6 v.2"",""47-48""]]",exists
212,Station 212,"[[""sec.6 v.2"",""48-67""]]",exists
213,Station 213,"[[""sec.6 v.2"",""67-69""]]",exists
214,Station 214,"[[""sec.6 v.2"",""69-74""]]",exists
215,Station 215,"[[""sec.6 v.2"",""75-77""]]",exists
216,Station 216,"[[""sec.6 v.2"",""77""]]",exists
216A,Station 216A,"[[""sec.6 v.2"",""77-80""]]",exists
217,Station 217,"[[""sec.6 v.2"",""80-84""]]",exists
218,Station 218,"[[""sec.6 v.2"",""84-98""]]",exists
219,Station 219,"[[""sec.6 v.2"",""98-101""]]",exists
220,Station 220,"[[""sec.6 v.2"",""101-103""]]",exists
221,Station 221,"[[""sec.6 v.2"",""103-105""]]",exists
222,Station 222,"[[""sec.6 v.2"",""105-107""]]",exists
223,Station 223,"[[""sec.6 v.2"",""107-108""]]",exists
224,Station 224,"[[""sec.6 v.2"",""109-112""]]",exists
225,Station 225,"[[""sec.6 v.2"",""112-117""]]",exists
226,Station 226,"[[""sec.6 v.2"",""117-119""]]",exists
227,Station 227,"[[""sec.6 v.2"",""119-120""]]",exists
228,Station 228,"[[""sec.6 v.2"",""121-122""]]",exists
229,Station 229,"[[""sec.6 v.2"",""122-125""]]",exists
230,Station 230,"[[""sec.6 v.2"",""125-128""]]",exists
231,Station 231,"[[""sec.6 v.2"",""128-135""]]",exists
232,Station 232,"[[""sec.6 v.2"",""135-144""]]",exists
233,Stations 233 and 233A,"[[""sec.6 v.2"",""144-150""]]",exists
233A,Stations 233 and 233A,"[[""sec.6 v.2"",""144-150""]]",exists
233B,Station 233B,"[[""sec.6 v.2"",""151-153""]]",exists
233C,Station 233C,"[[""sec.6 v.2"",""153-154""]]",exists
234,Station 234,"[[""sec.6 v.2"",""154-155""]]",exists
235,Station 235,"[[""sec.6 v.2"",""155-159""]]",exists
236,Stations 236 and 236A,"[[""sec.6 v.2"",""""]]",exists
236A,Stations 236 and 236A,"[[""sec.6 v.2"",""159-173""]]",exists
237,Station 237,"[[""sec.6 v.2"",""173-181""]]",exists
238,Station 238,"[[""sec.6 v.2"",""181-183""]]",exists
239,Station 239,"[[""sec.6 v.2"",""183-184""]]",exists
240,Station 240,"[[""sec.6 v.2"",""184-186""]]",exists
241,Station 241,"[[""sec.6 v.2"",""186-192""]]",exists
242,Station 242,"[[""sec.6 v.2"",""192-193""]]",exists
243,Station 243,"[[""sec.6 v.2"",""193-194""]]",exists
244,Station 244,"[[""sec.6 v.2"",""194-200""]]",exists
245,Station 245,"[[""sec.6 v.2"",""200-201""]]",exists
246,Station 246,"[[""sec.6 v.2"",""202-207""]]",exists
247,Station 247,"[[""sec.6 v.2"",""207-213""]]",exists
248,Station 248,"[[""sec.6 v.2"",""213-215""]]",exists
249,Station 249,"[[""sec.6 v.2"",""215-216""]]",exists
250,Station 250,"[[""sec.6 v.2"",""216-218""]]",exists
251,Station 251,"[[""sec.6 v.2"",""218-220""]]",exists
252,Station 252,"[[""sec.6 v.2"",""220-222""]]",exists
253,Station 253,"[[""sec.6 v.2"",""222-226""]]",exists
254,Station 254,"[[""sec.6 v.2"",""226-228""]]",exists
255,Station 255,"[[""sec.6 v.2"",""228-229""]]",exists
256,Station 256,"[[""sec.6 v.2"",""229-232""]]",exists
257,Station 257,"[[""sec.6 v.2"",""232-233""]]",exists
258,Station 258,"[[""sec.6 v.2"",""233-235""]]",exists
259,Station 259,"[[""sec.6 v.2"",""235-238""]]",exists
260,Station 260,"[[""sec.6 v.2"",""238-242""]]",exists
261,Station 261,"[[""sec.6 v.2"",""242-254""]]",exists
262,Station 262,"[[""sec.6 v.2"",""254-256""]]",exists
263,Station 263,"[[""sec.6 v.2"",""256-258""]]",exists
264,Station 264,"[[""sec.6 v.2"",""258-260""]]",exists
265,Station 265,"[[""sec.6 v.2"",""260-264""]]",exists
266,Station 266,"[[""sec.6 v.2"",""264-269""]]",exists
267,Station 267,"[[""sec.6 v.2"",""269-271""]]",exists
268,Station 268,"[[""sec.6 v.2"",""271-276""]]",exists
269,Station 269,"[[""sec.6 v.2"",""276-280""]]",exists
270,Station 270,"[[""sec.6 v.2"",""280-284""]]",exists
271,Station 271,"[[""sec.6 v.2"",""285-299""]]",exists
272,Station 272,"[[""sec.6 v.2"",""299-305""]]",exists
273,Station 273,"[[""sec.6 v.2"",""305-308""]]",exists
274,Station 274,"[[""sec.6 v.2"",""308-314""]]",exists
275,Station 275,"[[""sec.6 v.2"",""314-315""]]",exists
276,Station 276,"[[""sec.6 v.2"",""315-319""]]",exists
277,Station 277,"[[""sec.6 v.2"",""319-322""]]",exists
278,Station 278,"[[""sec.6 v.2"",""322-323""]]",exists
279,Stations 279 to 279C,"[[""sec.6 v.2"",""323-336""]]",exists
279A,Stations 279 to 279C,"[[""sec.6 v.2"",""323-336""]]",exists
279B,Stations 279 to 279C,"[[""sec.6 v.2"",""323-336""]]",exists
279C,Stations 279 to 279C,"[[""sec.6 v.2"",""323-336""]]",exists
280,Station 280,"[[""sec.6 v.2"",""336-338""]]",exists
281,Station 281,"[[""sec.6 v.2"",""338-340""]]",exists
282,Station 282,"[[""sec.6 v.2"",""340-341""]]",exists
283,Station 283,"[[""sec.6 v.2"",""341-342""]]",exists
284,Station 284,"[[""sec.6 v.2"",""342-345""]]",exists
285,Station 285,"[[""sec.6 v.2"",""345-348""]]",exists
286,Station 286,"[[""sec.6 v.2"",""349-351""]]",exists
287,Station 287,"[[""sec.6 v.2"",""351-353""]]",exists
288,Station 288,"[[""sec.6 v.2"",""353-355""]]",exists
289,Station 289,"[[""sec.6 v.2"",""355-357""]]",exists
290,Station 290,"[[""sec.6 v.2"",""357-358""]]",exists
291,Station 291,"[[""sec.6 v.2"",""358-360""]]",exists
292,Station 292,"[[""sec.6 v.2"",""360-361""]]",exists
293,Station 293,"[[""sec.6 v.2"",""361-364""]]",exists
294,Station 294,"[[""sec.6 v.2"",""364-366""]]",exists
295,Station 295,"[[""sec.6 v.2"",""366-368""]]",exists
296,Station 296,"[[""sec.6 v.2"",""368-372""]]",exists
297,Station 297,"[[""sec.6 v.2"",""372-376""]]",exists
298,Station 298,"[[""sec.6 v.2"",""376-382""]]",exists
299,Station 299,"[[""sec.6 v.2"",""382-388""]]",exists
300,Station 300,"[[""sec.6 v.2"",""388-393""]]",exists
301,Station 301,"[[""sec.6 v.2"",""393-394""]]",exists
302,Station 302,"[[""sec.6 v.2"",""394-400""]]",exists
303,Station 303,"[[""sec.6 v.2"",""400-404""]]",exists
304,Station 304,"[[""sec.6 v.2"",""404-406""]]",exists
305,Stations 305 to 305B,"[[""sec.6 v.2"",""407-409""]]",exists
305A,Stations 305 to 305B,"[[""sec.6 v.2"",""407-409""]]",exists
305B,Stations 305 to 305B,"[[""sec.6 v.2"",""407-409""]]",exists
306,Stations 306 and 306A,"[[""sec.6 v.2"",""409-411""]]",exists
306A,Stations 306 and 306A,"[[""sec.6 v.2"",""409-411""]]",exists
307,Station 307,"[[""sec.6 v.2"",""411-414""]]",exists
308,Station 308,"[[""sec.6 v.2"",""414-419""]]",exists
309,Stations 309 and 309A,"[[""sec.6 v.2"",""419-421""]]",exists
309A,Stations 309 and 309A,"[[""sec.6 v.2"",""419-421""]]",exists
310,Station 310,"[[""sec.6 v.2"",""421-423""]]",exists
311,Station 311,"[[""sec.6 v.2"",""424-428""]]",exists
312,Station 312,"[[""sec.6 v.2"",""428-436""]]",exists
313,Station 313,"[[""sec.6 v.2"",""436-441""]]",exists
314,Station 314,"[[""sec.6 v.2"",""441-443""]]",exists
314A,Station 314A,"[[""sec.6 v.2"",""443-444""]]",exists
315,Falkland Islands,"[[""sec.6 v.2"",""444-450""]]",exists
316,Falkland Islands,"[[""sec.6 v.2"",""444-450""]]",exists
317,Station 317,"[[""sec.6 v.2"",""450-451""]]",exists
318,Station 318,"[[""sec.6 v.2"",""452-454""]]",exists
319,Station 319,"[[""sec.6 v.2"",""454-455""]]",exists
320,Station 320,"[[""sec.6 v.2"",""455-464""]]",exists
321,Station 321,"[[""sec.6 v.2"",""464-466""]]",exists
322,Station 322,"[[""sec.6 v.2"",""467-470""]]",exists
323,Station 323,"[[""sec.6 v.2"",""470-475""]]",exists
324,Station 324,"[[""sec.6 v.2"",""475-476""]]",exists
325,Station 325,"[[""sec.6 v.2"",""476-480""]]",exists
326,Station 326,"[[""sec.6 v.2"",""481-482""]]",exists
327,Station 327,"[[""sec.6 v.2"",""482-483""]]",exists
328,Station 328,"[[""sec.6 v.2"",""483-484""]]",exists
329,Station 329,"[[""sec.6 v.2"",""484-485""]]",exists
330,Station 330,"[[""sec.6 v.2"",""485-486""]]",exists
331,Station 331,"[[""sec.6 v.2"",""486-488""]]",exists
332,Station 332,"[[""sec.6 v.2"",""488-492""]]",exists
333,Station 333,"[[""sec.6 v.2"",""492-494""]]",exists
334,Station 334,"[[""sec.6 v.2"",""494-496""]]",exists
335,Station 335,"[[""sec.6 v.2"",""496-500""]]",exists
336,Station 336,"[[""sec.6 v.2"",""500-501""]]",exists
337,Station 337,"[[""sec.6 v.2"",""501-502""]]",exists
338,Station 338,"[[""sec.6 v.2"",""502-505""]]",exists
339,Station 339,"[[""sec.6 v.2"",""505-506""]]",exists
340,Station 340,"[[""sec.6 v.2"",""506-507""]]",exists
341,Station 341,"[[""sec.6 v.2"",""507-509""]]",exists
342,Station 342,"[[""sec.6 v.2"",""509-510""]]",exists
343,Station 343,"[[""sec.6 v.2"",""510-516""]]",exists
344,Station 344,"[[""sec.6 v.2"",""516-518""]]",exists
345,Station 345,"[[""sec.6 v.2"",""519-520""]]",exists
346,Station 346,"[[""sec.6 v.2"",""520-523""]]",exists
347,Station 347,"[[""sec.6 v.2"",""523-526""]]",exists
348,Station 348,"[[""sec.6 v.2"",""527-531""]]",exists
349,Station 349,"[[""sec.6 v.2"",""531-532""]]",exists
350,Station 350,"[[""sec.6 v.2"",""532-534""]]",exists
351,Station 351,"[[""sec.6 v.2"",""534-535""]]",exists
352,Station 352,"[[""sec.6 v.2"",""535-539""]]",exists
353,Station 353,"[[""sec.6 v.2"",""539-541""]]",exists
354,Station 354,"[[""sec.6 v.2"",""542-544""]]",exists
